{"cameraMode":{"drawMode":0,"name":"Shaded","section":"Shading Mode"},"sceneLighting":false,"audioPlay":false,"sceneViewState":{"m_AlwaysRefresh":false,"showFog":false,"showSkybox":false,"showFlares":false,"showImageEffects":false,"showParticleSystems":false,"showVisualEffectGraphs":false,"m_FxEnabled":true},"in2DMode":false,"pivot":{"x":0.16241109371185304,"y":1.8255257606506348,"z":-0.015302538871765137},"rotation":{"x":-0.21894556283950807,"y":0.0254605021327734,"z":-0.005715121980756521,"w":-0.9753904342651367},"size":2.3850865364074709,"orthographic":false}